PatientID,Question No,Emotion1,Emotion2,Emotion3,Emotion4,Emotion5,Emotion6,Emotion7,Emotion8,Emotion9,Emotion10,Sentiment,GADscore,HeartRate,OxygenLevel
65d73565463b536e04d9a325,1,neutral,neutral,neutral,sad,neutral,neutral,neutral,neutral,neutral,neutral,neutral,7,90,119
65d73565463b536e04d9a325,2,neutral,fear,neutral,neutral,neutral,neutral,sad,neutral,neutral,sad,neutral,7,97,81
65d73565463b536e04d9a325,3,neutral,neutral,,neutral,neutral,neutral,neutral,neutral,happy,happy,neutral,7,111,83
65d73565463b536e04d9a325,4,neutral,neutral,neutral,neutral,fear,angry,fear,neutral,neutral,neutral,neutral,7,89,92
65d73565463b536e04d9a325,5,happy,neutral,angry,angry,happy,happy,angry,neutral,neutral,neutral,neutral,7,105,94
65d73565463b536e04d9a325,6,neutral,neutral,neutral,neutral,neutral,sad,happy,happy,happy,happy,neutral,7,99,111
65d73565463b536e04d9a325,7,neutral,neutral,neutral,happy,angry,neutral,neutral,neutral,neutral,angry,neutral,7,84,80
65d73565463b536e04d9a325,8,happy,sad,neutral,neutral,neutral,neutral,neutral,neutral,neutral,fear,neutral,7,118,98
65d73565463b536e04d9a325,9,sad,fear,neutral,neutral,neutral,neutral,neutral,neutral,neutral,neutral,neutral,7,113,105
65d73565463b536e04d9a325,10,neutral,neutral,neutral,neutral,neutral,neutral,neutral,happy,neutral,neutral,neutral,7,116,84
